{
  "MapName": "factory4_night",
  "Zones": {
    "3rd Floor Office": [
      {
        "x": 35.75434,
        "y": 8.210877,
        "z": 35.47881
      }
    ],
    "pmc_office_stairs": [
      {
        "x": 35.4721527,
        "y": 0.9928355,
        "z": 36.7258873
      }
    ],
    "pmc_forklifts": [
      {
        "x": 58.5915146,
        "y": 0.04595239,
        "z": 22.9955616
      }
    ],
    "pmc_forklifts2": [
      {
        "x": 67.5889359,
        "y": 0.0625619,
        "z": -48.15893
      }
    ],
    "pmc_redlight": [
      {
        "x": 69.52061,
        "y": 0.0977726951,
        "z": -6.805648
      }
    ],
    "pmc_breachdoor": [
      {
        "x": 39.6255035,
        "y": 0.287898242,
        "z": -32.19689
      }
    ],
    "pmc_exitgate": [
      {
        "x": -51.7000351,
        "y": 1.25546634,
        "z": 54.5383873
      }
    ],
    "pmc_aisle": [
      {
        "x": -21.1701565,
        "y": 1.05264115,
        "z": 66.05237
      }
    ],
    "pmc_bunker_redlight": [
      {
        "x": -17.719492,
        "y": -2.63406754,
        "z": 38.2651443
      }
    ],
    "pmc_ug": [
      {
        "x": -18.2344971,
        "y": 0.191902786,
        "z": -41.97208
      }
    ]
  }
}