{
  "MapName": "interchange",
  "Zones": {
    "pmc_railway_exfil_Start": [
      {
        "x": 338.671173,
        "y": 20.4173946,
        "z": -179.711777
      }
    ],
    "pmc_railway_exfil2_Start": [
      {
        "x": 436.7853,
        "y": 16.8427067,
        "z": -389.1228
      }
    ],
    "pmc_bridge_Start": [
      {
        "x": 295.963837,
        "y": 21.1591358,
        "z": -410.346375
      }
    ],
    "pmc_powerstation_Start": [
      {
        "x": -33.1391373,
        "y": 20.4242954,
        "z": -385.45105
      }
    ],
    "pmc_in_powerstation_Start": [
      {
        "x": -175.45697,
        "y": 21.3254375,
        "z": -390.071716
      }
    ],
    "pmc_hole_in_fence_Start": [
      {
        "x": -217.60379,
        "y": 21.3254337,
        "z": -2.114083
      }
    ],
    "pmc_emercom_Start": [
      {
        "x": -340.798737,
        "y": 23.6344166,
        "z": 216.433762
      }
    ],
    "pmc_next_emercom_Start": [
      {
        "x": -185.093521,
        "y": 23.7038841,
        "z": 269.034973
      }
    ],
    "pmc_trucks_Start": [
      {
        "x": 32.95307,
        "y": 21.3254375,
        "z": 265.454041
      }
    ],
    "pmc_trailers_Start": [
      {
        "x": 156.811981,
        "y": 21.84012,
        "z": 355.956879
      }
    ],
    "new scav camp_Start": [
      {
        "x": 243.463745,
        "y": 20.38037,
        "z": -51.5066223
      }
    ],
    "new scav camp2_Start": [
      {
        "x": 242.890335,
        "y": 20.42104,
        "z": 151.460617
      }
    ]
  }
}