{
  "MapName": "lighthouse",
  "Zones": {
    "pmc_mountainpass_Start": [
      {
        "x": -168.686218,
        "y": 30.2290783,
        "z": -68.67192
      }
    ],
    "pmc_village_Start": [
      {
        "x": -222.78891,
        "y": 12.4643841,
        "z": -184.32
      }
    ],
    "pmc_path_to_shoreline_Start": [
      {
        "x": -347.068268,
        "y": 8.340902,
        "z": -167.687271
      }
    ],
    "pmc_side_tunnel_Start": [
      {
        "x": -59.2930756,
        "y": 5.95763159,
        "z": 327.110748
      }
    ],
    "pmc_south_road_Start": [
      {
        "x": -141.4224,
        "y": 5.94643164,
        "z": 464.096466
      }
    ],
    "pmc_beach_cottages_Start": [
      {
        "x": 98.58052,
        "y": 0.523106039,
        "z": 438.0078
      }
    ],
    "pmc_beach_house_Start": [
      {
        "x": 44.5311,
        "y": 6.770456,
        "z": 267.58847
      }
    ],
    "pmc_beach_Start": [
      {
        "x": 116.02697,
        "y": 5.29896259,
        "z": 115.1731
      }
    ],
    "pmc_hill_road_Start": [
      {
        "x": -132.811508,
        "y": 28.8652363,
        "z": 262.322144
      }
    ],
    "pmc_mainroad_Start": [
      {
        "x": 28.65869,
        "y": 5.946433,
        "z": -149.757751
      }
    ],
    "pmc_pier_cottages_Start": [
      {
        "x": 117.286369,
        "y": 0.345267326,
        "z": -164.265213
      }
    ],
    "pmc_island_cliff_Start": [
      {
        "x": -439.2439,
        "y": 27.98144,
        "z": -363.8115
      }
    ],
    "pmc_treatment_cliff_Start": [
      {
        "x": -355.9492,
        "y": 28.6134815,
        "z": -554.9974
      }
    ]
  }
}