{
  "MapName": "rezervbase",
  "Zones": {
    "pmc_scav_lands": [
      {
        "x": -117.41674,
        "y": -6.94097567,
        "z": -126.8281
      }
    ],
    "pmc_bunker_1": [
      {
        "x": -290.853,
        "y": -6.23742867,
        "z": -82.02813
      }
    ],
    "pmc_bunker_2": [
      {
        "x": -242.872467,
        "y": -7.00368261,
        "z": 71.38473
      }
    ],
    "pmc_meteo_cliff": [
      {
        "x": -74.92107,
        "y": 21.1744633,
        "z": 188.864319
      }
    ],
    "pmc_d2_stairs": [
      {
        "x": -54.6103363,
        "y": 12.5940857,
        "z": 180.517792
      }
    ],
    "pmc_white_pawn": [
      {
        "x": -124.800522,
        "y": -10.4819145,
        "z": 78.62432
      }
    ],
    "pmc_checkpoint": [
      {
        "x": 40.4504852,
        "y": -6.96843624,
        "z": 127.704086
      }
    ],
    "pmc_bunker_3": [
      {
        "x": 140.304535,
        "y": -10.8599291,
        "z": 30.452961
      }
    ],
    "pmc_bunker_4": [
      {
        "x": 229.591537,
        "y": -10.8264685,
        "z": -6.251291
      }
    ],
    "pmc_armored_train_tanks": [
      {
        "x": 187.851532,
        "y": -6.81690168,
        "z": -108.38903
      }
    ],
    "pmc_depot": [
      {
        "x": 171.708954,
        "y": -5.20824146,
        "z": -170.932129
      }
    ],
    "pmc_hills": [
      {
        "x": 66.66485,
        "y": -7.078331,
        "z": -222.889786
      }
    ],
    "pmc_small_barracks": [
      {
        "x": 183.8646,
        "y": -7.07833338,
        "z": -242.319489
      }
    ]
  }
}