{
  "MapName": "woods",
  "Zones": {
    "Zone_Green_Road_Start": [
      {
        "x": -143.36026,
        "y": 19.4027061,
        "z": -420.835938
      }
    ],
    "Zone_Blue_Plane_Start": [
      {
        "x": -133.762558,
        "y": 16.8844471,
        "z": -71.7564
      }
    ],
    "pmc_eastern_rocks_Start": [
      {
        "x": -482.160553,
        "y": 21.4377022,
        "z": -53.25629
      }
    ],
    "pmc_eastern_rocks_2_Start": [
      {
        "x": -520.124939,
        "y": 11.7424622,
        "z": 27.3865223
      }
    ],
    "pmc_un_roadblock_Start": [
      {
        "x": -528.617554,
        "y": -1.07551348,
        "z": 301.5816
      }
    ],
    "pmc_bus_stop_Start": [
      {
        "x": -253.216354,
        "y": -0.6009716,
        "z": 353.652954
      }
    ],
    "pmc_tunnel_rock_Start": [
      {
        "x": -286.549438,
        "y": -1.12362671,
        "z": 253.482788
      }
    ],
    "pmc_ruaf_roadblock_Start": [
      {
        "x": -93.00039,
        "y": -0.8618088,
        "z": 381.133118
      }
    ],
    "pmc_dead_mans_place_Start": [
      {
        "x": 236.1581,
        "y": -11.4453735,
        "z": 283.424438
      }
    ],
    "pmc_outskirts_Start": [
      {
        "x": 410.290344,
        "y": -17.9690952,
        "z": 350.1918
      }
    ],
    "pmc_bunker_overlook_Start": [
      {
        "x": 390.245056,
        "y": -0.8033935,
        "z": -101.473488
      }
    ],
    "pmc_usec_camp_hill_Start": [
      {
        "x": 220.6688,
        "y": 24.56161,
        "z": -314.8243
      }
    ],
    "pmc_usec_camp_Start": [
      {
        "x": 358.880066,
        "y": 14.1339083,
        "z": -383.2714
      }
    ],
    "pmc_scav_bunker_Start": [
      {
        "x": 351.3308,
        "y": 23.3881359,
        "z": -654.9109
      }
    ],
    "pmc_campsite_north_Start": [
      {
        "x": 66.68721,
        "y": 8.87025,
        "z": -649.410461
      }
    ],
    "pmc_abandoned_village_Start": [
      {
        "x": -263.6573,
        "y": 11.14895,
        "z": -629.7743
      }
    ],
    "pmc_bridge_v_Start": [
      {
        "x": -410.7952,
        "y": 13.06172,
        "z": -509.253723
      }
    ],
    "pmc_old_sawmill_Start": [
      {
        "x": -509.512817,
        "y": 11.7865868,
        "z": -148.033768
      }
    ],
    "Zone_Black_Road_Start_Start": [
      {
        "x": 275.498169,
        "y": 15.4604082,
        "z": -347.270142
      }
    ],
    "Zone_Black_WestRoad_Start_Start": [
      {
        "x": 369.12793,
        "y": -1.61039114,
        "z": -36.00638
      }
    ]
  }
}